--
-- PostgreSQL database dump
--

\restrict B69gm2oblKIdgNVgNwVwxcv3nIjxVD6dYGkUyzoLAjG6LgDO7JXwgqDxtaLGeVH

-- Dumped from database version 14.22 (Ubuntu 14.22-0ubuntu0.22.04.1)
-- Dumped by pg_dump version 14.22 (Ubuntu 14.22-0ubuntu0.22.04.1)

SET statement_timeout = 0;
SET lock_timeout = 0;
SET idle_in_transaction_session_timeout = 0;
SET client_encoding = 'UTF8';
SET standard_conforming_strings = on;
SELECT pg_catalog.set_config('search_path', '', false);
SET check_function_bodies = false;
SET xmloption = content;
SET client_min_messages = warning;
SET row_security = off;

SET default_tablespace = '';

SET default_table_access_method = heap;

--
-- Name: auth_group; Type: TABLE; Schema: public; Owner: postgres
--

CREATE TABLE public.auth_group (
    id integer NOT NULL,
    name character varying(150) NOT NULL
);


ALTER TABLE public.auth_group OWNER TO postgres;

--
-- Name: auth_group_id_seq; Type: SEQUENCE; Schema: public; Owner: postgres
--

ALTER TABLE public.auth_group ALTER COLUMN id ADD GENERATED BY DEFAULT AS IDENTITY (
    SEQUENCE NAME public.auth_group_id_seq
    START WITH 1
    INCREMENT BY 1
    NO MINVALUE
    NO MAXVALUE
    CACHE 1
);


--
-- Name: auth_group_permissions; Type: TABLE; Schema: public; Owner: postgres
--

CREATE TABLE public.auth_group_permissions (
    id integer NOT NULL,
    group_id integer NOT NULL,
    permission_id integer NOT NULL
);


ALTER TABLE public.auth_group_permissions OWNER TO postgres;

--
-- Name: auth_group_permissions_id_seq; Type: SEQUENCE; Schema: public; Owner: postgres
--

ALTER TABLE public.auth_group_permissions ALTER COLUMN id ADD GENERATED BY DEFAULT AS IDENTITY (
    SEQUENCE NAME public.auth_group_permissions_id_seq
    START WITH 1
    INCREMENT BY 1
    NO MINVALUE
    NO MAXVALUE
    CACHE 1
);


--
-- Name: auth_permission; Type: TABLE; Schema: public; Owner: postgres
--

CREATE TABLE public.auth_permission (
    id integer NOT NULL,
    name character varying(255) NOT NULL,
    content_type_id integer NOT NULL,
    codename character varying(100) NOT NULL
);


ALTER TABLE public.auth_permission OWNER TO postgres;

--
-- Name: auth_permission_id_seq; Type: SEQUENCE; Schema: public; Owner: postgres
--

ALTER TABLE public.auth_permission ALTER COLUMN id ADD GENERATED BY DEFAULT AS IDENTITY (
    SEQUENCE NAME public.auth_permission_id_seq
    START WITH 1
    INCREMENT BY 1
    NO MINVALUE
    NO MAXVALUE
    CACHE 1
);


--
-- Name: auth_user; Type: TABLE; Schema: public; Owner: postgres
--

CREATE TABLE public.auth_user (
    id integer NOT NULL,
    password character varying(128) NOT NULL,
    last_login timestamp with time zone,
    is_superuser boolean NOT NULL,
    username character varying(150) NOT NULL,
    first_name character varying(150) NOT NULL,
    last_name character varying(150) NOT NULL,
    email character varying(254) NOT NULL,
    is_staff boolean NOT NULL,
    is_active boolean NOT NULL,
    date_joined timestamp with time zone NOT NULL
);


ALTER TABLE public.auth_user OWNER TO postgres;

--
-- Name: auth_user_groups; Type: TABLE; Schema: public; Owner: postgres
--

CREATE TABLE public.auth_user_groups (
    id integer NOT NULL,
    user_id integer NOT NULL,
    group_id integer NOT NULL
);


ALTER TABLE public.auth_user_groups OWNER TO postgres;

--
-- Name: auth_user_groups_id_seq; Type: SEQUENCE; Schema: public; Owner: postgres
--

ALTER TABLE public.auth_user_groups ALTER COLUMN id ADD GENERATED BY DEFAULT AS IDENTITY (
    SEQUENCE NAME public.auth_user_groups_id_seq
    START WITH 1
    INCREMENT BY 1
    NO MINVALUE
    NO MAXVALUE
    CACHE 1
);


--
-- Name: auth_user_id_seq; Type: SEQUENCE; Schema: public; Owner: postgres
--

ALTER TABLE public.auth_user ALTER COLUMN id ADD GENERATED BY DEFAULT AS IDENTITY (
    SEQUENCE NAME public.auth_user_id_seq
    START WITH 1
    INCREMENT BY 1
    NO MINVALUE
    NO MAXVALUE
    CACHE 1
);


--
-- Name: auth_user_user_permissions; Type: TABLE; Schema: public; Owner: postgres
--

CREATE TABLE public.auth_user_user_permissions (
    id integer NOT NULL,
    user_id integer NOT NULL,
    permission_id integer NOT NULL
);


ALTER TABLE public.auth_user_user_permissions OWNER TO postgres;

--
-- Name: auth_user_user_permissions_id_seq; Type: SEQUENCE; Schema: public; Owner: postgres
--

ALTER TABLE public.auth_user_user_permissions ALTER COLUMN id ADD GENERATED BY DEFAULT AS IDENTITY (
    SEQUENCE NAME public.auth_user_user_permissions_id_seq
    START WITH 1
    INCREMENT BY 1
    NO MINVALUE
    NO MAXVALUE
    CACHE 1
);


--
-- Name: django_admin_log; Type: TABLE; Schema: public; Owner: postgres
--

CREATE TABLE public.django_admin_log (
    id integer NOT NULL,
    action_time timestamp with time zone NOT NULL,
    object_id text,
    object_repr character varying(200) NOT NULL,
    action_flag smallint NOT NULL,
    change_message text NOT NULL,
    content_type_id integer,
    user_id integer NOT NULL,
    CONSTRAINT django_admin_log_action_flag_check CHECK ((action_flag >= 0))
);


ALTER TABLE public.django_admin_log OWNER TO postgres;

--
-- Name: django_admin_log_id_seq; Type: SEQUENCE; Schema: public; Owner: postgres
--

ALTER TABLE public.django_admin_log ALTER COLUMN id ADD GENERATED BY DEFAULT AS IDENTITY (
    SEQUENCE NAME public.django_admin_log_id_seq
    START WITH 1
    INCREMENT BY 1
    NO MINVALUE
    NO MAXVALUE
    CACHE 1
);


--
-- Name: django_content_type; Type: TABLE; Schema: public; Owner: postgres
--

CREATE TABLE public.django_content_type (
    id integer NOT NULL,
    app_label character varying(100) NOT NULL,
    model character varying(100) NOT NULL
);


ALTER TABLE public.django_content_type OWNER TO postgres;

--
-- Name: django_content_type_id_seq; Type: SEQUENCE; Schema: public; Owner: postgres
--

ALTER TABLE public.django_content_type ALTER COLUMN id ADD GENERATED BY DEFAULT AS IDENTITY (
    SEQUENCE NAME public.django_content_type_id_seq
    START WITH 1
    INCREMENT BY 1
    NO MINVALUE
    NO MAXVALUE
    CACHE 1
);


--
-- Name: django_migrations; Type: TABLE; Schema: public; Owner: postgres
--

CREATE TABLE public.django_migrations (
    id integer NOT NULL,
    app character varying(255) NOT NULL,
    name character varying(255) NOT NULL,
    applied timestamp with time zone NOT NULL
);


ALTER TABLE public.django_migrations OWNER TO postgres;

--
-- Name: django_migrations_id_seq; Type: SEQUENCE; Schema: public; Owner: postgres
--

ALTER TABLE public.django_migrations ALTER COLUMN id ADD GENERATED BY DEFAULT AS IDENTITY (
    SEQUENCE NAME public.django_migrations_id_seq
    START WITH 1
    INCREMENT BY 1
    NO MINVALUE
    NO MAXVALUE
    CACHE 1
);


--
-- Name: django_session; Type: TABLE; Schema: public; Owner: postgres
--

CREATE TABLE public.django_session (
    session_key character varying(40) NOT NULL,
    session_data text NOT NULL,
    expire_date timestamp with time zone NOT NULL
);


ALTER TABLE public.django_session OWNER TO postgres;

--
-- Name: shop_cart; Type: TABLE; Schema: public; Owner: postgres
--

CREATE TABLE public.shop_cart (
    id bigint NOT NULL,
    created_at timestamp with time zone NOT NULL,
    telegram_user_id bigint
);


ALTER TABLE public.shop_cart OWNER TO postgres;

--
-- Name: shop_cart_id_seq; Type: SEQUENCE; Schema: public; Owner: postgres
--

ALTER TABLE public.shop_cart ALTER COLUMN id ADD GENERATED BY DEFAULT AS IDENTITY (
    SEQUENCE NAME public.shop_cart_id_seq
    START WITH 1
    INCREMENT BY 1
    NO MINVALUE
    NO MAXVALUE
    CACHE 1
);


--
-- Name: shop_cartitem; Type: TABLE; Schema: public; Owner: postgres
--

CREATE TABLE public.shop_cartitem (
    id bigint NOT NULL,
    quantity integer NOT NULL,
    cart_id bigint NOT NULL,
    product_id bigint NOT NULL,
    CONSTRAINT shop_cartitem_quantity_check CHECK ((quantity >= 0))
);


ALTER TABLE public.shop_cartitem OWNER TO postgres;

--
-- Name: shop_cartitem_id_seq; Type: SEQUENCE; Schema: public; Owner: postgres
--

ALTER TABLE public.shop_cartitem ALTER COLUMN id ADD GENERATED BY DEFAULT AS IDENTITY (
    SEQUENCE NAME public.shop_cartitem_id_seq
    START WITH 1
    INCREMENT BY 1
    NO MINVALUE
    NO MAXVALUE
    CACHE 1
);


--
-- Name: shop_order; Type: TABLE; Schema: public; Owner: postgres
--

CREATE TABLE public.shop_order (
    id bigint NOT NULL,
    created_at timestamp with time zone NOT NULL,
    tg_user_id character varying(64),
    total_amount numeric(10,2) NOT NULL,
    paid boolean NOT NULL,
    metadata jsonb NOT NULL,
    status character varying(20) NOT NULL,
    tg_username character varying(150) NOT NULL,
    telegram_user_id bigint
);


ALTER TABLE public.shop_order OWNER TO postgres;

--
-- Name: shop_order_id_seq; Type: SEQUENCE; Schema: public; Owner: postgres
--

ALTER TABLE public.shop_order ALTER COLUMN id ADD GENERATED BY DEFAULT AS IDENTITY (
    SEQUENCE NAME public.shop_order_id_seq
    START WITH 1
    INCREMENT BY 1
    NO MINVALUE
    NO MAXVALUE
    CACHE 1
);


--
-- Name: shop_orderitem; Type: TABLE; Schema: public; Owner: postgres
--

CREATE TABLE public.shop_orderitem (
    id bigint NOT NULL,
    quantity integer NOT NULL,
    price numeric(10,2) NOT NULL,
    order_id bigint NOT NULL,
    product_id bigint NOT NULL,
    CONSTRAINT shop_orderitem_quantity_check CHECK ((quantity >= 0))
);


ALTER TABLE public.shop_orderitem OWNER TO postgres;

--
-- Name: shop_orderitem_id_seq; Type: SEQUENCE; Schema: public; Owner: postgres
--

ALTER TABLE public.shop_orderitem ALTER COLUMN id ADD GENERATED BY DEFAULT AS IDENTITY (
    SEQUENCE NAME public.shop_orderitem_id_seq
    START WITH 1
    INCREMENT BY 1
    NO MINVALUE
    NO MAXVALUE
    CACHE 1
);


--
-- Name: shop_product; Type: TABLE; Schema: public; Owner: postgres
--

CREATE TABLE public.shop_product (
    id bigint NOT NULL,
    title character varying(255) NOT NULL,
    slug character varying(50) NOT NULL,
    description text NOT NULL,
    price numeric(10,2) NOT NULL,
    image character varying(100),
    available boolean NOT NULL
);


ALTER TABLE public.shop_product OWNER TO postgres;

--
-- Name: shop_product_id_seq; Type: SEQUENCE; Schema: public; Owner: postgres
--

ALTER TABLE public.shop_product ALTER COLUMN id ADD GENERATED BY DEFAULT AS IDENTITY (
    SEQUENCE NAME public.shop_product_id_seq
    START WITH 1
    INCREMENT BY 1
    NO MINVALUE
    NO MAXVALUE
    CACHE 1
);


--
-- Name: shop_telegramuser; Type: TABLE; Schema: public; Owner: postgres
--

CREATE TABLE public.shop_telegramuser (
    id bigint NOT NULL,
    telegram_id character varying(64) NOT NULL,
    username character varying(150) NOT NULL,
    first_name character varying(150) NOT NULL,
    last_name character varying(150) NOT NULL,
    photo_url character varying(200) NOT NULL,
    auth_date timestamp with time zone NOT NULL
);


ALTER TABLE public.shop_telegramuser OWNER TO postgres;

--
-- Name: shop_telegramuser_id_seq; Type: SEQUENCE; Schema: public; Owner: postgres
--

ALTER TABLE public.shop_telegramuser ALTER COLUMN id ADD GENERATED BY DEFAULT AS IDENTITY (
    SEQUENCE NAME public.shop_telegramuser_id_seq
    START WITH 1
    INCREMENT BY 1
    NO MINVALUE
    NO MAXVALUE
    CACHE 1
);


--
-- Data for Name: auth_group; Type: TABLE DATA; Schema: public; Owner: postgres
--

COPY public.auth_group (id, name) FROM stdin;
\.


--
-- Data for Name: auth_group_permissions; Type: TABLE DATA; Schema: public; Owner: postgres
--

COPY public.auth_group_permissions (id, group_id, permission_id) FROM stdin;
\.


--
-- Data for Name: auth_permission; Type: TABLE DATA; Schema: public; Owner: postgres
--

COPY public.auth_permission (id, name, content_type_id, codename) FROM stdin;
1	Can add log entry	1	add_logentry
2	Can change log entry	1	change_logentry
3	Can delete log entry	1	delete_logentry
4	Can view log entry	1	view_logentry
5	Can add permission	2	add_permission
6	Can change permission	2	change_permission
7	Can delete permission	2	delete_permission
8	Can view permission	2	view_permission
9	Can add group	3	add_group
10	Can change group	3	change_group
11	Can delete group	3	delete_group
12	Can view group	3	view_group
13	Can add user	4	add_user
14	Can change user	4	change_user
15	Can delete user	4	delete_user
16	Can view user	4	view_user
17	Can add content type	5	add_contenttype
18	Can change content type	5	change_contenttype
19	Can delete content type	5	delete_contenttype
20	Can view content type	5	view_contenttype
21	Can add session	6	add_session
22	Can change session	6	change_session
23	Can delete session	6	delete_session
24	Can view session	6	view_session
25	Can add order	7	add_order
26	Can change order	7	change_order
27	Can delete order	7	delete_order
28	Can view order	7	view_order
29	Can add product	8	add_product
30	Can change product	8	change_product
31	Can delete product	8	delete_product
32	Can view product	8	view_product
33	Can add order item	9	add_orderitem
34	Can change order item	9	change_orderitem
35	Can delete order item	9	delete_orderitem
36	Can view order item	9	view_orderitem
37	Can add cart	10	add_cart
38	Can change cart	10	change_cart
39	Can delete cart	10	delete_cart
40	Can view cart	10	view_cart
41	Can add cart item	11	add_cartitem
42	Can change cart item	11	change_cartitem
43	Can delete cart item	11	delete_cartitem
44	Can view cart item	11	view_cartitem
45	Can add telegram user	12	add_telegramuser
46	Can change telegram user	12	change_telegramuser
47	Can delete telegram user	12	delete_telegramuser
48	Can view telegram user	12	view_telegramuser
\.


--
-- Data for Name: auth_user; Type: TABLE DATA; Schema: public; Owner: postgres
--

COPY public.auth_user (id, password, last_login, is_superuser, username, first_name, last_name, email, is_staff, is_active, date_joined) FROM stdin;
1	pbkdf2_sha256$1000000$P8gv4GhsdIxrZsPO48F42a$/T9xg6bhpio4/NK+h0CUWjFEvhmdD8unfBfQ92fHHaw=	\N	t	ernest			ernstsmith88@gmail.com	t	t	2026-03-07 18:44:27.551489+03
2	pbkdf2_sha256$1000000$iPfHrUELG0JXyF01duYBUy$3tjQPjQQG4ugdHFRvf5oJJNPC62kV8aBmWmNnSk8yzQ=	2026-03-10 22:27:33.260228+03	t	mikrospace			ernstsmith88@gmail.com	t	t	2026-03-07 18:46:08.009433+03
\.


--
-- Data for Name: auth_user_groups; Type: TABLE DATA; Schema: public; Owner: postgres
--

COPY public.auth_user_groups (id, user_id, group_id) FROM stdin;
\.


--
-- Data for Name: auth_user_user_permissions; Type: TABLE DATA; Schema: public; Owner: postgres
--

COPY public.auth_user_user_permissions (id, user_id, permission_id) FROM stdin;
\.


--
-- Data for Name: django_admin_log; Type: TABLE DATA; Schema: public; Owner: postgres
--

COPY public.django_admin_log (id, action_time, object_id, object_repr, action_flag, change_message, content_type_id, user_id) FROM stdin;
1	2026-03-09 19:36:53.53687+03	3	Лонгслив Street Style	2	[{"changed": {"fields": ["Title", "Image"]}}]	8	2
2	2026-03-09 20:02:11.089867+03	2	Футболка Graffiti	2	[{"changed": {"fields": ["Image"]}}]	8	2
3	2026-03-09 20:03:19.049587+03	2	Футболка polo Graffiti	2	[{"changed": {"fields": ["Title"]}}]	8	2
4	2026-03-09 20:55:55.502134+03	1	Тестовый продукт	2	[{"changed": {"fields": ["Available"]}}]	8	2
5	2026-03-09 20:55:56.14126+03	1	Тестовый продукт	2	[{"changed": {"fields": ["Image", "Available"]}}]	8	2
6	2026-03-10 22:29:24.009582+03	3	Лонгслив Street Style	2	[{"changed": {"fields": ["Image"]}}]	8	2
7	2026-03-10 22:30:18.334598+03	1	Худи	2	[{"changed": {"fields": ["Title", "Price", "Image"]}}]	8	2
8	2026-03-10 22:31:17.453812+03	4	Майка	1	[{"added": {}}]	8	2
9	2026-03-10 22:31:39.276298+03	2	Футболка polo Graffiti	2	[{"changed": {"fields": ["Image"]}}]	8	2
10	2026-03-10 22:32:31.413888+03	4	Майка	2	[{"changed": {"fields": ["Image"]}}]	8	2
\.


--
-- Data for Name: django_content_type; Type: TABLE DATA; Schema: public; Owner: postgres
--

COPY public.django_content_type (id, app_label, model) FROM stdin;
1	admin	logentry
2	auth	permission
3	auth	group
4	auth	user
5	contenttypes	contenttype
6	sessions	session
7	shop	order
8	shop	product
9	shop	orderitem
10	shop	cart
11	shop	cartitem
12	shop	telegramuser
\.


--
-- Data for Name: django_migrations; Type: TABLE DATA; Schema: public; Owner: postgres
--

COPY public.django_migrations (id, app, name, applied) FROM stdin;
1	contenttypes	0001_initial	2026-03-05 22:25:35.857427+03
2	auth	0001_initial	2026-03-05 22:25:36.008477+03
3	admin	0001_initial	2026-03-05 22:25:36.042899+03
4	admin	0002_logentry_remove_auto_add	2026-03-05 22:25:36.050819+03
5	admin	0003_logentry_add_action_flag_choices	2026-03-05 22:25:36.060361+03
6	contenttypes	0002_remove_content_type_name	2026-03-05 22:25:36.085039+03
7	auth	0002_alter_permission_name_max_length	2026-03-05 22:25:36.097782+03
8	auth	0003_alter_user_email_max_length	2026-03-05 22:25:36.110929+03
9	auth	0004_alter_user_username_opts	2026-03-05 22:25:36.118631+03
10	auth	0005_alter_user_last_login_null	2026-03-05 22:25:36.129885+03
11	auth	0006_require_contenttypes_0002	2026-03-05 22:25:36.133255+03
12	auth	0007_alter_validators_add_error_messages	2026-03-05 22:25:36.145273+03
13	auth	0008_alter_user_username_max_length	2026-03-05 22:25:36.162696+03
14	auth	0009_alter_user_last_name_max_length	2026-03-05 22:25:36.172351+03
15	auth	0010_alter_group_name_max_length	2026-03-05 22:25:36.189177+03
16	auth	0011_update_proxy_permissions	2026-03-05 22:25:36.198354+03
17	auth	0012_alter_user_first_name_max_length	2026-03-05 22:25:36.214753+03
18	sessions	0001_initial	2026-03-05 22:25:36.251702+03
19	shop	0001_initial	2026-03-05 22:25:36.311927+03
20	shop	0002_cart	2026-03-05 22:25:36.354573+03
21	shop	0003_remove_cart_products_cartitem	2026-03-05 22:25:36.391257+03
22	shop	0004_delete_cartitem	2026-03-05 22:25:36.394846+03
23	shop	0005_cartitem	2026-03-05 22:25:36.427591+03
24	shop	0006_order_product_order_quantity_order_status_and_more	2026-03-09 18:58:51.600408+03
25	shop	0007_remove_order_product_remove_order_quantity_and_more	2026-03-16 20:15:25.345524+03
26	shop	0008_telegram_user_and_links	2026-03-18 17:13:47.040302+03
27	shop	0009_rename_order_telegram_fields	2026-03-18 17:13:47.062845+03
28	shop	0010_update_order_status_choices	2026-03-18 17:32:42.683456+03
\.


--
-- Data for Name: django_session; Type: TABLE DATA; Schema: public; Owner: postgres
--

COPY public.django_session (session_key, session_data, expire_date) FROM stdin;
fzuikayi08urjmd05cn4gfcey68iuyyr	eyJjYXJ0Ijp7IjEiOjF9fQ:1vzDML:D1BRb2lDW78bHgPbrRidToksk7yskXRvYuYzDBg8iLk	2026-03-22 15:35:49.330808+03
hsmris49xgd5i834u42ba06uby9d5zdx	.eJxVjDsOgzAQBe_iOrL8Z02ZnjOg9a4TSCIjYagQdw9IFEn7Zt5sosd1Gfq15rkfWbTCiNvvlpDeuZyAX1iek6SpLPOY5KnIi1bZTZw_98v9CwxYh-OtyJPSIZAFHQ0454gMg7cuZkKPSZE2kILnRrNzGfhhCNjG6K3CRh1RwnkR7bbvX_9SOoo:1vzfEL:Y9PT5KuGnicaHnQR3xpR8EzwcJ-xJGsG90SpJgQWicM	2026-03-23 21:21:25.26553+03
j1bfxhei7mlmn3zv1lu011qk7ebombwz	.eJxVjDsOwjAQBe_iGln-Z01JnzNY612DA8iR4qRC3B0ipYD2zcx7iYTbWtPWy5ImFmdhxOl3y0iP0nbAd2y3WdLc1mXKclfkQbscZy7Py-H-HVTs9Vsr8qR0CGRBRwPOOSLD4K2LhdBjVqQN5OB50OxcAb4aArYxeqtwUOL9AcgcNz4:1w02jt:EcuTYl88s3UcqeUmqlYDsGFaPh-32IN_p29PWXsiVQc	2026-03-24 22:27:33.265907+03
fgx1hg4gbxgmva9uobkbb7e63j2vllze	eyJjYXJ0Ijp7IjMiOjF9fQ:1w1ooW:xA_AwR3z7wD0bOH6A0nuYAKOwpPGHB-xFabmjMhrW-w	2026-03-29 19:59:40.474323+03
v6wegs1ezk9nzo42vi0g4o8e50xndphi	eyJjYXJ0Ijp7fX0:1w2qzK:MYyOiwfLx2LC7t7mipmFGDrAhYTRB2JHy8tNmdyEy50	2026-04-01 16:31:06.684681+03
\.


--
-- Data for Name: shop_cart; Type: TABLE DATA; Schema: public; Owner: postgres
--

COPY public.shop_cart (id, created_at, telegram_user_id) FROM stdin;
\.


--
-- Data for Name: shop_cartitem; Type: TABLE DATA; Schema: public; Owner: postgres
--

COPY public.shop_cartitem (id, quantity, cart_id, product_id) FROM stdin;
\.


--
-- Data for Name: shop_order; Type: TABLE DATA; Schema: public; Owner: postgres
--

COPY public.shop_order (id, created_at, tg_user_id, total_amount, paid, metadata, status, tg_username, telegram_user_id) FROM stdin;
1	2026-03-09 21:21:22.877646+03		1200.00	f	{}	new		\N
2	2026-03-15 18:01:35.105196+03		3500.00	f	{}	new		\N
3	2026-03-15 18:59:04.053062+03		3500.00	f	{}	new		\N
4	2026-03-18 16:29:46.260589+03	\N	3500.00	f	{}	new		\N
5	2026-03-18 16:31:05.314684+03	\N	3500.00	f	{}	new		\N
\.


--
-- Data for Name: shop_orderitem; Type: TABLE DATA; Schema: public; Owner: postgres
--

COPY public.shop_orderitem (id, quantity, price, order_id, product_id) FROM stdin;
1	1	1200.00	1	2
2	1	3500.00	2	3
3	1	3500.00	3	3
4	1	3500.00	4	3
5	1	3500.00	5	3
\.


--
-- Data for Name: shop_product; Type: TABLE DATA; Schema: public; Owner: postgres
--

COPY public.shop_product (id, title, slug, description, price, image, available) FROM stdin;
3	Лонгслив Street Style	street-hoodie		3500.00	products/ChatGPT_Image_9_мар_xWxzpqn._2026_г._18_40_47.png	t
1	Худи	test-product		5000.00	products/ChatGPT_Image_10_мар._2026_г._21_27_49.png	t
2	Футболка polo Graffiti	graffiti-shirt		1200.00	products/ChatGPT_Image_10_мар._2026_г._21_27_42.png	t
4	Майка	majka		3500.00	products/ChatGPT_Image_10_мар._2026_г._21_28_24.png	t
\.


--
-- Data for Name: shop_telegramuser; Type: TABLE DATA; Schema: public; Owner: postgres
--

COPY public.shop_telegramuser (id, telegram_id, username, first_name, last_name, photo_url, auth_date) FROM stdin;
\.


--
-- Name: auth_group_id_seq; Type: SEQUENCE SET; Schema: public; Owner: postgres
--

SELECT pg_catalog.setval('public.auth_group_id_seq', 1, false);


--
-- Name: auth_group_permissions_id_seq; Type: SEQUENCE SET; Schema: public; Owner: postgres
--

SELECT pg_catalog.setval('public.auth_group_permissions_id_seq', 1, false);


--
-- Name: auth_permission_id_seq; Type: SEQUENCE SET; Schema: public; Owner: postgres
--

SELECT pg_catalog.setval('public.auth_permission_id_seq', 48, true);


--
-- Name: auth_user_groups_id_seq; Type: SEQUENCE SET; Schema: public; Owner: postgres
--

SELECT pg_catalog.setval('public.auth_user_groups_id_seq', 1, false);


--
-- Name: auth_user_id_seq; Type: SEQUENCE SET; Schema: public; Owner: postgres
--

SELECT pg_catalog.setval('public.auth_user_id_seq', 2, true);


--
-- Name: auth_user_user_permissions_id_seq; Type: SEQUENCE SET; Schema: public; Owner: postgres
--

SELECT pg_catalog.setval('public.auth_user_user_permissions_id_seq', 1, false);


--
-- Name: django_admin_log_id_seq; Type: SEQUENCE SET; Schema: public; Owner: postgres
--

SELECT pg_catalog.setval('public.django_admin_log_id_seq', 10, true);


--
-- Name: django_content_type_id_seq; Type: SEQUENCE SET; Schema: public; Owner: postgres
--

SELECT pg_catalog.setval('public.django_content_type_id_seq', 12, true);


--
-- Name: django_migrations_id_seq; Type: SEQUENCE SET; Schema: public; Owner: postgres
--

SELECT pg_catalog.setval('public.django_migrations_id_seq', 28, true);


--
-- Name: shop_cart_id_seq; Type: SEQUENCE SET; Schema: public; Owner: postgres
--

SELECT pg_catalog.setval('public.shop_cart_id_seq', 1, false);


--
-- Name: shop_cartitem_id_seq; Type: SEQUENCE SET; Schema: public; Owner: postgres
--

SELECT pg_catalog.setval('public.shop_cartitem_id_seq', 1, false);


--
-- Name: shop_order_id_seq; Type: SEQUENCE SET; Schema: public; Owner: postgres
--

SELECT pg_catalog.setval('public.shop_order_id_seq', 5, true);


--
-- Name: shop_orderitem_id_seq; Type: SEQUENCE SET; Schema: public; Owner: postgres
--

SELECT pg_catalog.setval('public.shop_orderitem_id_seq', 5, true);


--
-- Name: shop_product_id_seq; Type: SEQUENCE SET; Schema: public; Owner: postgres
--

SELECT pg_catalog.setval('public.shop_product_id_seq', 4, true);


--
-- Name: shop_telegramuser_id_seq; Type: SEQUENCE SET; Schema: public; Owner: postgres
--

SELECT pg_catalog.setval('public.shop_telegramuser_id_seq', 1, false);


--
-- Name: auth_group auth_group_name_key; Type: CONSTRAINT; Schema: public; Owner: postgres
--

ALTER TABLE ONLY public.auth_group
    ADD CONSTRAINT auth_group_name_key UNIQUE (name);


--
-- Name: auth_group_permissions auth_group_permissions_group_id_permission_id_0cd325b0_uniq; Type: CONSTRAINT; Schema: public; Owner: postgres
--

ALTER TABLE ONLY public.auth_group_permissions
    ADD CONSTRAINT auth_group_permissions_group_id_permission_id_0cd325b0_uniq UNIQUE (group_id, permission_id);


--
-- Name: auth_group_permissions auth_group_permissions_pkey; Type: CONSTRAINT; Schema: public; Owner: postgres
--

ALTER TABLE ONLY public.auth_group_permissions
    ADD CONSTRAINT auth_group_permissions_pkey PRIMARY KEY (id);


--
-- Name: auth_group auth_group_pkey; Type: CONSTRAINT; Schema: public; Owner: postgres
--

ALTER TABLE ONLY public.auth_group
    ADD CONSTRAINT auth_group_pkey PRIMARY KEY (id);


--
-- Name: auth_permission auth_permission_content_type_id_codename_01ab375a_uniq; Type: CONSTRAINT; Schema: public; Owner: postgres
--

ALTER TABLE ONLY public.auth_permission
    ADD CONSTRAINT auth_permission_content_type_id_codename_01ab375a_uniq UNIQUE (content_type_id, codename);


--
-- Name: auth_permission auth_permission_pkey; Type: CONSTRAINT; Schema: public; Owner: postgres
--

ALTER TABLE ONLY public.auth_permission
    ADD CONSTRAINT auth_permission_pkey PRIMARY KEY (id);


--
-- Name: auth_user_groups auth_user_groups_pkey; Type: CONSTRAINT; Schema: public; Owner: postgres
--

ALTER TABLE ONLY public.auth_user_groups
    ADD CONSTRAINT auth_user_groups_pkey PRIMARY KEY (id);


--
-- Name: auth_user_groups auth_user_groups_user_id_group_id_94350c0c_uniq; Type: CONSTRAINT; Schema: public; Owner: postgres
--

ALTER TABLE ONLY public.auth_user_groups
    ADD CONSTRAINT auth_user_groups_user_id_group_id_94350c0c_uniq UNIQUE (user_id, group_id);


--
-- Name: auth_user auth_user_pkey; Type: CONSTRAINT; Schema: public; Owner: postgres
--

ALTER TABLE ONLY public.auth_user
    ADD CONSTRAINT auth_user_pkey PRIMARY KEY (id);


--
-- Name: auth_user_user_permissions auth_user_user_permissions_pkey; Type: CONSTRAINT; Schema: public; Owner: postgres
--

ALTER TABLE ONLY public.auth_user_user_permissions
    ADD CONSTRAINT auth_user_user_permissions_pkey PRIMARY KEY (id);


--
-- Name: auth_user_user_permissions auth_user_user_permissions_user_id_permission_id_14a6b632_uniq; Type: CONSTRAINT; Schema: public; Owner: postgres
--

ALTER TABLE ONLY public.auth_user_user_permissions
    ADD CONSTRAINT auth_user_user_permissions_user_id_permission_id_14a6b632_uniq UNIQUE (user_id, permission_id);


--
-- Name: auth_user auth_user_username_key; Type: CONSTRAINT; Schema: public; Owner: postgres
--

ALTER TABLE ONLY public.auth_user
    ADD CONSTRAINT auth_user_username_key UNIQUE (username);


--
-- Name: django_admin_log django_admin_log_pkey; Type: CONSTRAINT; Schema: public; Owner: postgres
--

ALTER TABLE ONLY public.django_admin_log
    ADD CONSTRAINT django_admin_log_pkey PRIMARY KEY (id);


--
-- Name: django_content_type django_content_type_app_label_model_76bd3d3b_uniq; Type: CONSTRAINT; Schema: public; Owner: postgres
--

ALTER TABLE ONLY public.django_content_type
    ADD CONSTRAINT django_content_type_app_label_model_76bd3d3b_uniq UNIQUE (app_label, model);


--
-- Name: django_content_type django_content_type_pkey; Type: CONSTRAINT; Schema: public; Owner: postgres
--

ALTER TABLE ONLY public.django_content_type
    ADD CONSTRAINT django_content_type_pkey PRIMARY KEY (id);


--
-- Name: django_migrations django_migrations_pkey; Type: CONSTRAINT; Schema: public; Owner: postgres
--

ALTER TABLE ONLY public.django_migrations
    ADD CONSTRAINT django_migrations_pkey PRIMARY KEY (id);


--
-- Name: django_session django_session_pkey; Type: CONSTRAINT; Schema: public; Owner: postgres
--

ALTER TABLE ONLY public.django_session
    ADD CONSTRAINT django_session_pkey PRIMARY KEY (session_key);


--
-- Name: shop_cart shop_cart_pkey; Type: CONSTRAINT; Schema: public; Owner: postgres
--

ALTER TABLE ONLY public.shop_cart
    ADD CONSTRAINT shop_cart_pkey PRIMARY KEY (id);


--
-- Name: shop_cartitem shop_cartitem_cart_id_product_id_eacadbd7_uniq; Type: CONSTRAINT; Schema: public; Owner: postgres
--

ALTER TABLE ONLY public.shop_cartitem
    ADD CONSTRAINT shop_cartitem_cart_id_product_id_eacadbd7_uniq UNIQUE (cart_id, product_id);


--
-- Name: shop_cartitem shop_cartitem_pkey; Type: CONSTRAINT; Schema: public; Owner: postgres
--

ALTER TABLE ONLY public.shop_cartitem
    ADD CONSTRAINT shop_cartitem_pkey PRIMARY KEY (id);


--
-- Name: shop_order shop_order_pkey; Type: CONSTRAINT; Schema: public; Owner: postgres
--

ALTER TABLE ONLY public.shop_order
    ADD CONSTRAINT shop_order_pkey PRIMARY KEY (id);


--
-- Name: shop_orderitem shop_orderitem_pkey; Type: CONSTRAINT; Schema: public; Owner: postgres
--

ALTER TABLE ONLY public.shop_orderitem
    ADD CONSTRAINT shop_orderitem_pkey PRIMARY KEY (id);


--
-- Name: shop_product shop_product_pkey; Type: CONSTRAINT; Schema: public; Owner: postgres
--

ALTER TABLE ONLY public.shop_product
    ADD CONSTRAINT shop_product_pkey PRIMARY KEY (id);


--
-- Name: shop_product shop_product_slug_key; Type: CONSTRAINT; Schema: public; Owner: postgres
--

ALTER TABLE ONLY public.shop_product
    ADD CONSTRAINT shop_product_slug_key UNIQUE (slug);


--
-- Name: shop_telegramuser shop_telegramuser_pkey; Type: CONSTRAINT; Schema: public; Owner: postgres
--

ALTER TABLE ONLY public.shop_telegramuser
    ADD CONSTRAINT shop_telegramuser_pkey PRIMARY KEY (id);


--
-- Name: shop_telegramuser shop_telegramuser_telegram_id_key; Type: CONSTRAINT; Schema: public; Owner: postgres
--

ALTER TABLE ONLY public.shop_telegramuser
    ADD CONSTRAINT shop_telegramuser_telegram_id_key UNIQUE (telegram_id);


--
-- Name: auth_group_name_a6ea08ec_like; Type: INDEX; Schema: public; Owner: postgres
--

CREATE INDEX auth_group_name_a6ea08ec_like ON public.auth_group USING btree (name varchar_pattern_ops);


--
-- Name: auth_group_permissions_group_id_b120cbf9; Type: INDEX; Schema: public; Owner: postgres
--

CREATE INDEX auth_group_permissions_group_id_b120cbf9 ON public.auth_group_permissions USING btree (group_id);


--
-- Name: auth_group_permissions_permission_id_84c5c92e; Type: INDEX; Schema: public; Owner: postgres
--

CREATE INDEX auth_group_permissions_permission_id_84c5c92e ON public.auth_group_permissions USING btree (permission_id);


--
-- Name: auth_permission_content_type_id_2f476e4b; Type: INDEX; Schema: public; Owner: postgres
--

CREATE INDEX auth_permission_content_type_id_2f476e4b ON public.auth_permission USING btree (content_type_id);


--
-- Name: auth_user_groups_group_id_97559544; Type: INDEX; Schema: public; Owner: postgres
--

CREATE INDEX auth_user_groups_group_id_97559544 ON public.auth_user_groups USING btree (group_id);


--
-- Name: auth_user_groups_user_id_6a12ed8b; Type: INDEX; Schema: public; Owner: postgres
--

CREATE INDEX auth_user_groups_user_id_6a12ed8b ON public.auth_user_groups USING btree (user_id);


--
-- Name: auth_user_user_permissions_permission_id_1fbb5f2c; Type: INDEX; Schema: public; Owner: postgres
--

CREATE INDEX auth_user_user_permissions_permission_id_1fbb5f2c ON public.auth_user_user_permissions USING btree (permission_id);


--
-- Name: auth_user_user_permissions_user_id_a95ead1b; Type: INDEX; Schema: public; Owner: postgres
--

CREATE INDEX auth_user_user_permissions_user_id_a95ead1b ON public.auth_user_user_permissions USING btree (user_id);


--
-- Name: auth_user_username_6821ab7c_like; Type: INDEX; Schema: public; Owner: postgres
--

CREATE INDEX auth_user_username_6821ab7c_like ON public.auth_user USING btree (username varchar_pattern_ops);


--
-- Name: django_admin_log_content_type_id_c4bce8eb; Type: INDEX; Schema: public; Owner: postgres
--

CREATE INDEX django_admin_log_content_type_id_c4bce8eb ON public.django_admin_log USING btree (content_type_id);


--
-- Name: django_admin_log_user_id_c564eba6; Type: INDEX; Schema: public; Owner: postgres
--

CREATE INDEX django_admin_log_user_id_c564eba6 ON public.django_admin_log USING btree (user_id);


--
-- Name: django_session_expire_date_a5c62663; Type: INDEX; Schema: public; Owner: postgres
--

CREATE INDEX django_session_expire_date_a5c62663 ON public.django_session USING btree (expire_date);


--
-- Name: django_session_session_key_c0390e0f_like; Type: INDEX; Schema: public; Owner: postgres
--

CREATE INDEX django_session_session_key_c0390e0f_like ON public.django_session USING btree (session_key varchar_pattern_ops);


--
-- Name: shop_cart_telegram_user_id_f3cb9e07; Type: INDEX; Schema: public; Owner: postgres
--

CREATE INDEX shop_cart_telegram_user_id_f3cb9e07 ON public.shop_cart USING btree (telegram_user_id);


--
-- Name: shop_cartitem_cart_id_6bf1447e; Type: INDEX; Schema: public; Owner: postgres
--

CREATE INDEX shop_cartitem_cart_id_6bf1447e ON public.shop_cartitem USING btree (cart_id);


--
-- Name: shop_cartitem_product_id_09e4b7dd; Type: INDEX; Schema: public; Owner: postgres
--

CREATE INDEX shop_cartitem_product_id_09e4b7dd ON public.shop_cartitem USING btree (product_id);


--
-- Name: shop_order_telegram_user_id_afb03f24; Type: INDEX; Schema: public; Owner: postgres
--

CREATE INDEX shop_order_telegram_user_id_afb03f24 ON public.shop_order USING btree (telegram_user_id);


--
-- Name: shop_orderitem_order_id_2f1b00cf; Type: INDEX; Schema: public; Owner: postgres
--

CREATE INDEX shop_orderitem_order_id_2f1b00cf ON public.shop_orderitem USING btree (order_id);


--
-- Name: shop_orderitem_product_id_48153f22; Type: INDEX; Schema: public; Owner: postgres
--

CREATE INDEX shop_orderitem_product_id_48153f22 ON public.shop_orderitem USING btree (product_id);


--
-- Name: shop_product_slug_30bd2d5d_like; Type: INDEX; Schema: public; Owner: postgres
--

CREATE INDEX shop_product_slug_30bd2d5d_like ON public.shop_product USING btree (slug varchar_pattern_ops);


--
-- Name: shop_telegramuser_telegram_id_382ac8fb_like; Type: INDEX; Schema: public; Owner: postgres
--

CREATE INDEX shop_telegramuser_telegram_id_382ac8fb_like ON public.shop_telegramuser USING btree (telegram_id varchar_pattern_ops);


--
-- Name: auth_group_permissions auth_group_permissio_permission_id_84c5c92e_fk_auth_perm; Type: FK CONSTRAINT; Schema: public; Owner: postgres
--

ALTER TABLE ONLY public.auth_group_permissions
    ADD CONSTRAINT auth_group_permissio_permission_id_84c5c92e_fk_auth_perm FOREIGN KEY (permission_id) REFERENCES public.auth_permission(id) DEFERRABLE INITIALLY DEFERRED;


--
-- Name: auth_group_permissions auth_group_permissions_group_id_b120cbf9_fk_auth_group_id; Type: FK CONSTRAINT; Schema: public; Owner: postgres
--

ALTER TABLE ONLY public.auth_group_permissions
    ADD CONSTRAINT auth_group_permissions_group_id_b120cbf9_fk_auth_group_id FOREIGN KEY (group_id) REFERENCES public.auth_group(id) DEFERRABLE INITIALLY DEFERRED;


--
-- Name: auth_permission auth_permission_content_type_id_2f476e4b_fk_django_co; Type: FK CONSTRAINT; Schema: public; Owner: postgres
--

ALTER TABLE ONLY public.auth_permission
    ADD CONSTRAINT auth_permission_content_type_id_2f476e4b_fk_django_co FOREIGN KEY (content_type_id) REFERENCES public.django_content_type(id) DEFERRABLE INITIALLY DEFERRED;


--
-- Name: auth_user_groups auth_user_groups_group_id_97559544_fk_auth_group_id; Type: FK CONSTRAINT; Schema: public; Owner: postgres
--

ALTER TABLE ONLY public.auth_user_groups
    ADD CONSTRAINT auth_user_groups_group_id_97559544_fk_auth_group_id FOREIGN KEY (group_id) REFERENCES public.auth_group(id) DEFERRABLE INITIALLY DEFERRED;


--
-- Name: auth_user_groups auth_user_groups_user_id_6a12ed8b_fk_auth_user_id; Type: FK CONSTRAINT; Schema: public; Owner: postgres
--

ALTER TABLE ONLY public.auth_user_groups
    ADD CONSTRAINT auth_user_groups_user_id_6a12ed8b_fk_auth_user_id FOREIGN KEY (user_id) REFERENCES public.auth_user(id) DEFERRABLE INITIALLY DEFERRED;


--
-- Name: auth_user_user_permissions auth_user_user_permi_permission_id_1fbb5f2c_fk_auth_perm; Type: FK CONSTRAINT; Schema: public; Owner: postgres
--

ALTER TABLE ONLY public.auth_user_user_permissions
    ADD CONSTRAINT auth_user_user_permi_permission_id_1fbb5f2c_fk_auth_perm FOREIGN KEY (permission_id) REFERENCES public.auth_permission(id) DEFERRABLE INITIALLY DEFERRED;


--
-- Name: auth_user_user_permissions auth_user_user_permissions_user_id_a95ead1b_fk_auth_user_id; Type: FK CONSTRAINT; Schema: public; Owner: postgres
--

ALTER TABLE ONLY public.auth_user_user_permissions
    ADD CONSTRAINT auth_user_user_permissions_user_id_a95ead1b_fk_auth_user_id FOREIGN KEY (user_id) REFERENCES public.auth_user(id) DEFERRABLE INITIALLY DEFERRED;


--
-- Name: django_admin_log django_admin_log_content_type_id_c4bce8eb_fk_django_co; Type: FK CONSTRAINT; Schema: public; Owner: postgres
--

ALTER TABLE ONLY public.django_admin_log
    ADD CONSTRAINT django_admin_log_content_type_id_c4bce8eb_fk_django_co FOREIGN KEY (content_type_id) REFERENCES public.django_content_type(id) DEFERRABLE INITIALLY DEFERRED;


--
-- Name: django_admin_log django_admin_log_user_id_c564eba6_fk_auth_user_id; Type: FK CONSTRAINT; Schema: public; Owner: postgres
--

ALTER TABLE ONLY public.django_admin_log
    ADD CONSTRAINT django_admin_log_user_id_c564eba6_fk_auth_user_id FOREIGN KEY (user_id) REFERENCES public.auth_user(id) DEFERRABLE INITIALLY DEFERRED;


--
-- Name: shop_cart shop_cart_telegram_user_id_f3cb9e07_fk_shop_telegramuser_id; Type: FK CONSTRAINT; Schema: public; Owner: postgres
--

ALTER TABLE ONLY public.shop_cart
    ADD CONSTRAINT shop_cart_telegram_user_id_f3cb9e07_fk_shop_telegramuser_id FOREIGN KEY (telegram_user_id) REFERENCES public.shop_telegramuser(id) DEFERRABLE INITIALLY DEFERRED;


--
-- Name: shop_cartitem shop_cartitem_cart_id_6bf1447e_fk_shop_cart_id; Type: FK CONSTRAINT; Schema: public; Owner: postgres
--

ALTER TABLE ONLY public.shop_cartitem
    ADD CONSTRAINT shop_cartitem_cart_id_6bf1447e_fk_shop_cart_id FOREIGN KEY (cart_id) REFERENCES public.shop_cart(id) DEFERRABLE INITIALLY DEFERRED;


--
-- Name: shop_cartitem shop_cartitem_product_id_09e4b7dd_fk_shop_product_id; Type: FK CONSTRAINT; Schema: public; Owner: postgres
--

ALTER TABLE ONLY public.shop_cartitem
    ADD CONSTRAINT shop_cartitem_product_id_09e4b7dd_fk_shop_product_id FOREIGN KEY (product_id) REFERENCES public.shop_product(id) DEFERRABLE INITIALLY DEFERRED;


--
-- Name: shop_order shop_order_telegram_user_id_afb03f24_fk_shop_telegramuser_id; Type: FK CONSTRAINT; Schema: public; Owner: postgres
--

ALTER TABLE ONLY public.shop_order
    ADD CONSTRAINT shop_order_telegram_user_id_afb03f24_fk_shop_telegramuser_id FOREIGN KEY (telegram_user_id) REFERENCES public.shop_telegramuser(id) DEFERRABLE INITIALLY DEFERRED;


--
-- Name: shop_orderitem shop_orderitem_order_id_2f1b00cf_fk_shop_order_id; Type: FK CONSTRAINT; Schema: public; Owner: postgres
--

ALTER TABLE ONLY public.shop_orderitem
    ADD CONSTRAINT shop_orderitem_order_id_2f1b00cf_fk_shop_order_id FOREIGN KEY (order_id) REFERENCES public.shop_order(id) DEFERRABLE INITIALLY DEFERRED;


--
-- Name: shop_orderitem shop_orderitem_product_id_48153f22_fk_shop_product_id; Type: FK CONSTRAINT; Schema: public; Owner: postgres
--

ALTER TABLE ONLY public.shop_orderitem
    ADD CONSTRAINT shop_orderitem_product_id_48153f22_fk_shop_product_id FOREIGN KEY (product_id) REFERENCES public.shop_product(id) DEFERRABLE INITIALLY DEFERRED;


--
-- PostgreSQL database dump complete
--

\unrestrict B69gm2oblKIdgNVgNwVwxcv3nIjxVD6dYGkUyzoLAjG6LgDO7JXwgqDxtaLGeVH

